[{"min":"b","max":0},{"min":"0","max":"1"},{"min":"0","max":0},{"min":"-1","max":"1"},{"min":"-1","max":"1"},{"min":"-1","max":"1"},{"min":"-1","max":"1"},{"min":"-1","max":"1"},{"min":"-1","max":"1"},{"min":"-1","max":"1"},{"min":"-1","max":"1"},{"min":"-1","max":"1"},{"min":"-1","max":"1"},{"min":"-1","max":"1"},{"min":"-1","max":"1"},{"min":"-1","max":"1"},{"min":"-1","max":"1"},{"min":"-1","max":"1"},{"min":"-1","max":"1"},{"min":"-1","max":"1"},{"min":"-1","max":"1"},{"min":"-1","max":"1"},{"min":"-1","max":"1"},{"min":"-1","max":"1"},{"min":"-1","max":"1"},{"min":"-1","max":"1"},{"min":"-1","max":"1"},{"min":"-1","max":"1"},{"min":"-1","max":"1"},{"min":"-1","max":"1"},{"min":"-1","max":"1"},{"min":"-1","max":"1"},{"min":"-1","max":"1"},{"min":"-1","max":"1"},{"min":"-1","max":"1"}]